City Name,Country,Date,Latitude,Longitude,Temperature(F),Humidity(%),Cloudiness(%),Wind Speed(mph)
lavrentiya,RU,2021-04-21 14:54:09,65.5833,-171.0,23.45,69,100,6.67
hilo,US,2021-04-21 14:54:09,19.7297,-155.09,75.2,73,90,3.31
suntar,RU,2021-04-21 14:54:10,62.1444,117.6319,27.37,81,100,8.61
half moon bay,US,2021-04-21 14:54:11,37.4636,-122.4286,53.01,87,90,3.44
la ceiba,HN,2021-04-21 14:54:11,15.7597,-86.7822,73.4,94,75,2.3
palana,RU,2021-04-21 14:54:11,59.1167,159.9667,31.12,91,100,5.91
cherskiy,RU,2021-04-21 14:54:11,68.75,161.3,36.5,75,97,23.2
qaanaaq,GL,2021-04-21 14:54:11,77.484,-69.3632,0.86,75,100,10.31
longyearbyen,SJ,2021-04-21 14:54:12,78.2186,15.6401,23.0,68,75,8.05
chokurdakh,RU,2021-04-21 14:54:12,70.6333,147.9167,25.88,93,100,6.46
zielona gora,PL,2021-04-21 14:54:12,51.9355,15.5064,48.99,87,0,6.91
saldana,CO,2021-04-21 14:54:12,3.9292,-75.0152,71.26,89,82,0.98
yar-sale,RU,2021-04-21 14:54:12,66.8333,70.8333,30.33,94,98,13.44
saskylakh,RU,2021-04-21 14:54:12,71.9167,114.0833,10.04,83,94,4.92
pasni,PK,2021-04-21 14:54:12,25.2631,63.471,86.49,54,0,10.78
pochutla,MX,2021-04-21 14:54:12,15.7432,-96.4661,75.0,80,100,1.25
wilmington,US,2021-04-21 14:51:58,34.2257,-77.9447,64.99,94,1,4.68
vostok,RU,2021-04-21 14:54:13,46.4856,135.8833,55.49,21,0,12.15
carutapera,BR,2021-04-21 14:54:13,-1.195,-46.02,75.06,92,100,4.29
butaritari,KI,2021-04-21 14:54:14,3.0707,172.7902,82.69,77,100,18.99
enterprise,US,2021-04-21 14:54:14,36.0252,-115.2419,75.99,13,40,6.91
nikolskoye,RU,2021-04-21 14:54:14,59.7035,30.7861,44.01,70,40,8.95
kirensk,RU,2021-04-21 14:52:43,57.7853,108.1119,30.27,57,100,4.94
kamenka,RU,2021-04-21 14:54:14,51.3223,42.7678,50.0,89,99,19.33
alice town,BS,2021-04-21 14:54:14,25.7167,-79.3,79.56,81,98,12.26
nabire,ID,2021-04-21 14:54:14,-3.3667,135.4833,84.6,69,99,3.67
mezen,RU,2021-04-21 14:54:14,65.8522,44.24,47.75,48,23,10.02
khatanga,RU,2021-04-21 14:54:15,71.9667,102.5,12.06,84,100,8.03
praia da vitoria,PT,2021-04-21 14:54:15,38.7333,-27.0667,61.0,82,40,6.78
port-gentil,GA,2021-04-21 14:54:15,-0.7193,8.7815,78.8,100,40,8.84
hithadhoo,MV,2021-04-21 14:54:15,-0.6,73.0833,82.81,63,8,4.12
lamu,KE,2021-04-21 14:54:16,-2.2717,40.902,82.04,77,100,16.37
baker city,US,2021-04-21 14:54:16,44.7749,-117.8344,41.0,56,1,6.91
atuona,PF,2021-04-21 14:54:16,-9.8,-139.0333,80.71,75,47,21.99
salalah,OM,2021-04-21 14:54:16,17.0151,54.0924,86.0,62,0,4.61
kodiak,US,2021-04-21 14:54:16,57.79,-152.4072,41.0,87,90,13.8
ribeira grande,PT,2021-04-21 14:54:16,38.5167,-28.7,62.6,88,40,11.5
bac lieu,VN,2021-04-21 14:51:25,9.285,105.7244,88.16,62,98,14.09
auki,SB,2021-04-21 14:54:17,-8.7676,160.7034,80.44,83,100,2.26
leningradskiy,RU,2021-04-21 14:54:17,69.3833,178.4167,28.74,71,5,8.39
keti bandar,PK,2021-04-21 14:54:17,24.1447,67.4497,87.4,57,0,13.94
husavik,IS,2021-04-21 14:54:18,66.0449,-17.3389,39.2,60,90,9.22
barrow,US,2021-04-21 14:54:18,71.2906,-156.7887,17.6,79,90,6.91
lugovoy,KZ,2021-04-21 14:54:18,42.9472,72.7644,42.03,93,100,1.25
riyadh,SA,2021-04-21 14:50:41,24.6877,46.7219,95.0,11,0,3.31
thompson,CA,2021-04-21 14:54:18,55.7435,-97.8558,24.8,93,1,2.3
axim,GH,2021-04-21 14:54:19,4.8699,-2.2405,81.88,78,100,4.7
egvekinot,RU,2021-04-21 14:54:19,66.3167,-179.1667,14.4,83,33,1.99
plattsburgh,US,2021-04-21 14:54:19,44.6995,-73.4529,42.8,56,90,3.89
havre-saint-pierre,CA,2021-04-21 14:54:19,50.2334,-63.5986,32.0,100,90,5.75
ayan,RU,2021-04-21 14:54:20,56.45,138.1667,34.83,76,0,4.03
high prairie,CA,2021-04-21 14:54:20,55.4334,-116.4858,44.06,59,4,5.3
ranong,TH,2021-04-21 14:54:20,9.9658,98.6348,89.6,70,20,9.22
semirom,IR,2021-04-21 14:54:20,31.4167,51.5667,66.36,21,100,1.23
carrickfergus,GB,2021-04-21 14:54:20,54.7158,-5.8058,46.4,76,90,3.44
firovo,RU,2021-04-21 14:54:20,57.4814,33.7021,35.74,98,100,2.86
palmer,US,2021-04-21 14:54:20,42.1584,-72.3287,43.0,87,1,3.4
savannah bight,HN,2021-04-21 14:54:20,16.45,-85.85,81.0,94,68,3.0
georgetown,MY,2021-04-21 14:53:13,5.4112,100.3354,89.6,74,20,5.75
shimoda,JP,2021-04-21 14:54:21,34.6667,138.95,68.0,60,0,5.75
paternion,AT,2021-04-21 14:54:21,46.7142,13.6361,50.0,67,2,2.73
turukhansk,RU,2021-04-21 14:54:21,65.8167,87.9833,25.81,79,46,9.06
antonovo,BG,2021-04-21 14:54:21,43.15,26.1667,53.6,66,4,3.44
nouadhibou,MR,2021-04-21 14:54:22,20.931,-17.0347,62.6,88,0,17.27
zyryanka,RU,2021-04-21 14:54:22,65.75,150.85,37.18,78,41,30.04
nanortalik,GL,2021-04-21 14:54:23,60.1432,-45.2371,35.82,76,100,4.36
carolina,PR,2021-04-21 14:54:23,18.3808,-65.9574,77.0,83,20,8.05
cedar city,US,2021-04-21 14:54:23,37.6775,-113.0619,46.4,29,1,3.44
mao,ES,2021-04-21 14:54:23,39.8885,4.2658,55.4,88,20,9.22
berlevag,NO,2021-04-21 14:54:23,70.8578,29.0864,42.8,56,0,25.32
kirillov,RU,2021-04-21 14:54:23,59.863,38.3813,33.8,93,90,4.47
erzin,TR,2021-04-21 14:54:23,36.9559,36.2,66.0,75,20,1.99
katsuura,JP,2021-04-21 14:54:16,35.1333,140.3,73.4,33,20,11.5
fort nelson,CA,2021-04-21 14:54:24,58.8053,-122.7002,51.8,30,20,9.22
torbay,CA,2021-04-21 14:54:24,47.6666,-52.7314,35.01,100,90,17.27
lae,PG,2021-04-21 14:54:25,-6.7221,146.9847,82.96,76,100,5.84
iranshahr,IR,2021-04-21 14:54:25,27.2025,60.6848,89.6,12,0,4.61
santa rosalia,MX,2021-04-21 14:54:25,27.3167,-112.2833,70.25,32,40,10.47
beltangadi,IN,2021-04-21 14:54:25,13.9833,75.3,91.69,32,23,5.3
weihe,CN,2021-04-21 14:54:25,32.9952,105.3247,62.71,68,100,2.42
anadyr,RU,2021-04-21 14:54:25,64.75,177.4833,15.8,92,20,2.19
port blair,IN,2021-04-21 14:54:25,11.6667,92.75,87.8,66,20,4.61
inuvik,CA,2021-04-21 14:54:25,68.3499,-133.7218,15.8,79,86,11.5
roald,NO,2021-04-21 14:54:26,62.5833,6.1333,39.2,87,75,13.8
victoria,HK,2021-04-21 14:53:18,22.2855,114.1577,80.6,54,20,13.8
dikson,RU,2021-04-21 14:54:26,73.5069,80.5464,19.29,92,100,22.41
tiksi,RU,2021-04-21 14:52:47,71.6872,128.8694,17.98,93,100,12.06
lasa,IT,2021-04-21 14:52:44,46.6166,10.7002,46.99,86,0,3.44
dera bugti,PK,2021-04-21 14:54:26,29.0307,69.151,83.03,29,0,7.25
san isidro,PE,2021-04-21 14:50:10,-12.1167,-77.05,66.2,88,0,6.91
ati,TD,2021-04-21 14:54:26,13.2154,18.3353,91.22,4,100,10.36
lagoa,PT,2021-04-21 14:54:26,39.05,-27.9833,61.07,91,100,15.39
geraldton,AU,2021-04-21 14:54:27,-28.7667,114.6,86.0,20,3,8.05
tual,ID,2021-04-21 14:54:27,-5.6667,132.75,83.73,72,96,9.24
amapa,BR,2021-04-21 14:54:27,1.0,-52.0,68.45,99,99,1.32
turayf,SA,2021-04-21 14:54:27,31.6725,38.6637,78.8,36,20,5.75
kapaa,US,2021-04-21 14:54:27,22.0752,-159.319,73.4,83,20,3.44
mugur-aksy,RU,2021-04-21 14:54:27,50.35,90.5,27.64,62,100,6.78
upernavik,GL,2021-04-21 14:54:27,72.7868,-56.1549,5.56,86,94,6.69
polson,US,2021-04-21 14:54:28,47.6936,-114.1632,32.0,83,14,3.56
nemuro,JP,2021-04-21 14:54:28,43.3236,145.575,41.0,65,75,14.97
lompoc,US,2021-04-21 14:54:28,34.6391,-120.4579,51.8,82,100,9.22
ixtapa,MX,2021-04-21 14:54:28,20.7,-105.2,73.0,74,15,2.84
yaan,NG,2021-04-21 14:54:29,7.3833,8.5667,81.45,70,100,8.61
marienburg,PL,2021-04-21 14:54:29,54.0359,19.0266,53.01,57,9,4.41
susaki,JP,2021-04-21 14:54:29,33.3667,133.2833,69.8,73,20,6.91
pevek,RU,2021-04-21 14:54:29,69.7008,170.3133,29.66,71,0,19.26
kavaratti,IN,2021-04-21 14:54:29,10.5669,72.642,84.24,71,68,7.56
manhattan,US,2021-04-21 14:54:29,40.7834,-73.9662,59.0,44,1,8.16
soyo,AO,2021-04-21 14:54:30,-6.1349,12.3689,80.19,79,84,3.22
floro,NO,2021-04-21 14:54:30,61.5996,5.0328,41.0,65,40,26.46
airai,TL,2021-04-21 14:54:30,-8.9266,125.4092,66.87,81,100,1.99
zwedru,LR,2021-04-21 14:54:30,6.0667,-8.1281,74.35,97,89,1.41
faanui,PF,2021-04-21 14:54:30,-16.4833,-151.75,81.81,73,20,10.07
lakki marwat,PK,2021-04-21 14:54:30,32.6079,70.9114,78.62,38,0,4.12
severo-kurilsk,RU,2021-04-21 14:54:30,50.6789,156.125,34.66,95,100,21.88
bathsheba,BB,2021-04-21 14:54:30,13.2167,-59.5167,77.43,75,20,18.57
pangnirtung,CA,2021-04-21 14:54:31,66.1451,-65.7125,17.92,74,92,10.13
bogandinskiy,RU,2021-04-21 14:54:31,56.8937,65.8938,53.6,30,0,8.95
krechevitsy,RU,2021-04-21 14:54:31,58.617,31.401,38.5,96,100,5.14
chabahar,IR,2021-04-21 14:54:31,25.2919,60.643,86.27,51,0,11.7
pacific grove,US,2021-04-21 14:49:39,36.6177,-121.9166,51.8,87,90,6.91
kloulklubed,PW,2021-04-21 14:54:31,7.0419,134.2556,86.0,70,75,5.75
ilulissat,GL,2021-04-21 14:54:31,69.2167,-51.1,15.8,48,11,4.61
vardo,NO,2021-04-21 14:54:31,70.3705,31.1107,44.6,49,0,21.85
flin flon,CA,2021-04-21 14:54:32,54.7682,-101.865,26.38,81,27,4.99
ouesso,CG,2021-04-21 14:54:32,1.6136,16.0517,72.03,90,100,2.06
bethel,US,2021-04-21 14:54:32,41.3712,-73.414,48.0,76,1,3.44
mitu,CO,2021-04-21 14:54:32,1.1983,-70.1733,70.23,98,83,2.48
jeremie,HT,2021-04-21 14:54:32,18.65,-74.1167,76.3,72,100,3.8
evensk,RU,2021-04-21 14:54:32,61.95,159.2333,33.98,84,100,8.08
qunduz,AF,2021-04-21 14:54:32,36.729,68.857,78.49,25,97,4.14
kavieng,PG,2021-04-21 14:54:32,-2.5744,150.7967,83.43,73,99,10.51
borovoy,RU,2021-04-21 14:54:33,55.4333,86.0833,33.8,37,40,6.71
camacha,PT,2021-04-21 14:54:33,33.0833,-16.3333,60.8,88,40,8.05
ponta do sol,PT,2021-04-21 14:54:33,32.6667,-17.1,57.0,69,81,1.99
tuktoyaktuk,CA,2021-04-21 14:54:33,69.4541,-133.0374,12.34,89,100,21.09
raudeberg,NO,2021-04-21 14:54:33,61.9875,5.1352,37.99,94,100,26.19
san patricio,US,2021-04-21 14:54:33,28.017,-97.5169,66.2,72,40,14.97
bani,DO,2021-04-21 14:54:33,18.2833,-70.3333,75.0,87,8,1.01
tilichiki,RU,2021-04-21 14:54:33,60.4667,166.1,27.82,90,20,3.69
sur,OM,2021-04-21 14:54:34,22.5667,59.5289,91.9,32,0,6.96
vanimo,PG,2021-04-21 14:54:34,-2.6741,141.3028,82.8,73,100,6.08
baykit,RU,2021-04-21 14:54:34,61.67,96.37,32.0,75,100,4.74
provideniya,RU,2021-04-21 14:54:34,64.3833,-173.3,32.0,59,0,6.71
vysokogornyy,RU,2021-04-21 14:54:34,50.1167,139.15,36.97,92,35,4.14
harper,LR,2021-04-21 14:54:34,4.375,-7.7169,80.73,83,47,4.23
magadan,RU,2021-04-21 14:52:17,59.5667,150.8,33.44,92,100,15.7
hobyo,SO,2021-04-21 14:54:34,5.3505,48.5268,86.49,64,82,10.65
norman wells,CA,2021-04-21 14:54:34,65.282,-126.8329,23.0,86,90,20.71
linjiang,CN,2021-04-21 14:54:35,41.8069,126.9078,77.04,18,7,8.05
north bend,US,2021-04-21 14:54:35,43.4065,-124.2243,48.99,93,90,8.05
tasiilaq,GL,2021-04-21 14:54:35,65.6145,-37.6368,21.2,68,75,1.14
gizo,SB,2021-04-21 14:54:35,-8.103,156.8419,83.73,72,71,1.41
masty,BY,2021-04-21 14:54:35,53.4122,24.5387,50.0,71,0,6.71
severobaykalsk,RU,2021-04-21 14:54:35,55.65,109.3167,29.88,50,60,9.22
colinas,BR,2021-04-21 14:54:35,-6.0258,-44.2492,70.05,98,100,0.6
zhangjiakou,CN,2021-04-21 14:50:24,40.81,114.8794,66.09,31,97,20.85
jamestown,US,2021-04-21 14:54:36,42.097,-79.2353,33.01,93,90,11.5
aleksandrov gay,RU,2021-04-21 14:54:36,50.147,48.5704,40.35,79,100,21.74
takoradi,GH,2021-04-21 14:54:36,4.8845,-1.7554,81.32,80,100,5.14
abu dhabi,AE,2021-04-21 14:54:32,24.4667,54.3667,91.4,42,0,6.91
gasa,PS,2021-04-21 14:54:36,31.5,34.4667,73.0,50,8,10.56
clemson,US,2021-04-21 14:54:37,34.6834,-82.8374,55.99,67,20,4.83
port hardy,CA,2021-04-21 14:54:37,50.6996,-127.4199,48.2,100,20,4.61
batagay,RU,2021-04-21 14:54:37,67.6333,134.6333,23.65,71,100,3.8
yellowknife,CA,2021-04-21 14:53:07,62.456,-114.3525,35.6,69,1,10.36
hailar,CN,2021-04-21 14:54:37,49.2,119.7,77.23,13,87,20.85
skelleftea,SE,2021-04-21 14:54:37,64.7507,20.9528,44.6,57,0,4.61
westport,US,2021-04-21 14:54:38,41.1415,-73.3579,52.0,66,1,5.75
sitka,US,2021-04-21 14:54:38,57.0531,-135.33,44.6,76,90,11.5
ferrol,ES,2021-04-21 14:54:38,43.4832,-8.2369,52.0,100,20,2.3
albox,ES,2021-04-21 14:54:38,37.3886,-2.1495,55.0,90,100,2.89
markdorf,DE,2021-04-21 14:54:38,47.7167,9.4,46.0,81,0,3.44
hamilton,US,2021-04-21 14:54:38,39.1834,-84.5333,33.01,93,90,11.5
coahuayana,MX,2021-04-21 14:54:38,18.7333,-103.6833,67.03,67,8,4.38
tuy hoa,VN,2021-04-21 14:54:38,13.0833,109.3,86.04,67,60,9.06
verkhoyansk,RU,2021-04-21 14:54:39,67.5447,133.385,24.8,66,100,4.14
kilindoni,TZ,2021-04-21 14:54:39,-7.9139,39.6668,77.99,82,100,15.82
aklavik,CA,2021-04-21 14:54:39,68.2191,-135.0107,15.8,79,78,11.5
arman,RU,2021-04-21 14:54:39,59.7,150.1667,34.72,92,100,9.31
svetlyy,RU,2021-04-21 14:54:39,54.675,20.1347,48.2,71,0,6.71
laguna de perlas,NI,2021-04-21 14:54:39,12.3429,-83.6712,77.68,85,100,6.91
srednekolymsk,RU,2021-04-21 14:54:39,67.45,153.6833,36.25,91,16,10.94
bontang,ID,2021-04-21 14:54:39,0.1333,117.5,83.89,77,100,9.48
mahibadhoo,MV,2021-04-21 14:54:40,3.7833,72.9667,83.17,64,100,5.88
chulman,RU,2021-04-21 14:54:40,56.8479,124.9104,31.24,93,100,5.86
teguise,ES,2021-04-21 14:54:40,29.0605,-13.564,62.6,77,40,8.05
the pas,CA,2021-04-21 14:54:40,53.8251,-101.2541,30.2,69,1,5.7
kungurtug,RU,2021-04-21 14:54:40,50.5994,97.5228,27.95,90,100,0.72
gat,IL,2021-04-21 14:54:40,31.61,34.7642,73.0,50,10,9.42
palu,ID,2021-04-21 14:51:52,-0.8917,119.8707,89.56,58,77,4.88
rypefjord,NO,2021-04-21 14:54:40,70.6333,23.6667,44.6,57,0,9.22
zhigansk,RU,2021-04-21 14:54:41,66.7697,123.3711,18.43,72,100,3.78
verkhnyaya sinyachikha,RU,2021-04-21 14:54:41,57.976,61.6673,52.16,46,6,3.56
ballina,AU,2021-04-21 14:54:41,-28.8667,153.5667,80.6,22,0,11.5
baculin,PH,2021-04-21 14:54:41,7.4525,126.5842,86.05,67,100,5.53
igunga,TZ,2021-04-21 14:54:41,-4.2833,33.8833,72.37,67,97,8.84
korem,ET,2021-04-21 14:54:41,12.5058,39.5228,66.63,34,59,9.17
seybaplaya,MX,2021-04-21 14:54:41,19.65,-90.6667,76.73,88,93,7.49
camopi,GF,2021-04-21 14:54:41,3.1655,-52.3158,68.7,99,100,1.28
kendari,ID,2021-04-21 14:50:24,-3.945,122.4989,82.4,80,90,2.75
yerbogachen,RU,2021-04-21 14:54:42,61.2767,108.0108,26.31,79,100,5.68
qaqortoq,GL,2021-04-21 14:54:42,60.7167,-46.0333,46.4,31,75,20.71
narsaq,GL,2021-04-21 14:54:42,60.9167,-46.05,46.4,31,75,20.71
vuktyl,RU,2021-04-21 14:54:42,63.8567,57.3094,43.39,80,34,4.56
khash,IR,2021-04-21 14:54:42,28.2211,61.2158,82.56,11,0,11.1
dakar,SN,2021-04-21 14:54:42,14.6937,-17.4441,68.0,88,75,9.22
morros,BR,2021-04-21 14:54:42,-9.4467,-46.3003,68.95,92,14,2.75
jinchang,CN,2021-04-21 14:53:54,38.4953,102.1739,70.66,14,0,9.6
longkou,CN,2021-04-21 14:54:43,37.6508,120.3286,52.7,64,100,14.09
boa vista,BR,2021-04-21 14:50:03,2.8197,-60.6733,77.0,78,0,6.91
sangar,RU,2021-04-21 14:54:43,63.9242,127.4739,23.54,75,100,9.93
bar harbor,US,2021-04-21 14:54:43,44.3876,-68.2039,48.99,87,90,3.15
bonthe,SL,2021-04-21 14:54:44,7.5264,-12.505,80.55,84,100,4.45
colombo,LK,2021-04-21 14:52:01,6.9319,79.8478,87.8,66,20,4.61
marsala,IT,2021-04-21 14:54:44,37.7966,12.4352,64.99,82,0,3.44
puerto ayora,EC,2021-04-21 14:54:44,-0.7393,-90.3518,75.0,98,96,3.6
junin,AR,2021-04-21 14:54:44,-34.5838,-60.9433,62.01,51,31,14.7
aviles,ES,2021-04-21 14:54:44,43.5547,-5.9248,55.0,87,75,2.3
zelenogorskiy,RU,2021-04-21 14:54:44,55.0333,87.0,33.8,37,40,6.71
bryan,US,2021-04-21 14:54:44,30.6744,-96.37,50.0,66,1,14.97
shizukuishi,JP,2021-04-21 14:53:02,39.6833,140.9833,59.0,33,20,14.97
roswell,US,2021-04-21 14:50:17,34.0232,-84.3616,59.0,71,40,3.44
barranca,PE,2021-04-21 14:50:11,-10.75,-77.7667,65.52,89,23,5.91
karasjok,NO,2021-04-21 14:54:45,69.4719,25.5112,42.8,52,0,24.16
linda,US,2021-04-21 14:54:45,39.1277,-121.5508,57.2,62,1,4.61
yatou,CN,2021-04-21 14:54:45,37.15,122.3833,59.65,40,100,10.78
taoudenni,ML,2021-04-21 14:54:45,22.6783,-3.9836,81.3,15,11,7.96
tanete,ID,2021-04-21 14:54:45,-3.9443,119.7848,89.02,55,38,5.28
clyde river,CA,2021-04-21 14:54:46,70.4692,-68.5914,-2.2,92,75,3.44
lorengau,PG,2021-04-21 14:54:46,-2.0226,147.2712,83.05,80,100,10.45
west wendover,US,2021-04-21 14:54:46,40.7391,-114.0733,50.0,25,75,5.75
kismayo,SO,2021-04-21 14:54:46,-0.3582,42.5454,85.08,70,100,14.85
jibuti,DJ,2021-04-21 14:54:47,11.5,42.5,86.0,58,1,6.91
abu samrah,SY,2021-04-21 14:54:47,35.3029,37.1841,72.23,26,16,10.36
namatanai,PG,2021-04-21 14:54:47,-3.6667,152.4333,82.76,76,49,12.66
sun prairie,US,2021-04-21 14:54:48,43.1836,-89.2137,32.0,74,75,5.39
lucera,IT,2021-04-21 14:54:48,41.5082,15.3351,46.4,93,0,2.3
makubetsu,JP,2021-04-21 14:51:48,45.3714,141.8211,39.2,81,75,20.71
pokhara,NP,2021-04-21 14:54:48,28.2333,83.9833,75.49,40,100,3.49
stokmarknes,NO,2021-04-21 14:54:48,68.5646,14.9108,37.4,93,75,19.57
kodinsk,RU,2021-04-21 14:54:48,58.6881,99.1844,27.61,53,100,3.89
tiznit,MA,2021-04-21 14:54:48,29.5833,-9.5,57.42,82,0,1.86
vista,US,2021-04-21 14:50:44,33.2,-117.2425,59.0,72,90,8.05
la asuncion,VE,2021-04-21 14:54:48,11.0333,-63.8628,76.14,80,29,13.69
leers,FR,2021-04-21 14:54:49,50.6822,3.2443,46.0,93,20,5.75
fortuna,US,2021-04-21 14:54:49,40.5982,-124.1573,50.0,100,90,4.61
fukue,JP,2021-04-21 14:54:49,32.6881,128.8419,69.8,43,75,5.75
wuda,CN,2021-04-21 14:54:49,39.4994,106.7117,66.72,39,100,7.0
strezhevoy,RU,2021-04-21 14:54:49,60.7333,77.5889,26.6,59,40,8.95
arauca,CO,2021-04-21 14:54:49,7.0847,-70.7591,74.82,64,100,3.24
kumluca,TR,2021-04-21 14:54:49,36.3703,30.2869,66.02,59,0,6.85
cabo san lucas,MX,2021-04-21 14:54:49,22.8909,-109.9124,66.99,76,3,5.86
newtownards,GB,2021-04-21 14:54:50,54.5924,-5.6909,46.4,76,90,3.44
abalak,RU,2021-04-21 14:54:50,58.1286,68.5944,42.51,44,6,8.48
charlestown,AU,2021-04-21 14:54:50,-32.95,151.6667,64.99,65,1,7.76
waddan,LY,2021-04-21 14:54:50,29.1614,16.139,65.37,29,100,17.58
nantucket,US,2021-04-21 14:54:50,41.2835,-70.0995,50.0,87,1,14.97
tura,IN,2021-04-21 14:50:41,25.5198,90.2201,94.68,32,6,6.02
faya,SA,2021-04-21 14:54:50,18.3851,42.4509,73.4,17,0,8.05
iisalmi,FI,2021-04-21 14:54:51,63.5592,27.1907,37.4,56,0,4.61
aasiaat,GL,2021-04-21 14:51:13,68.7098,-52.8699,0.93,97,78,10.45
finschhafen,PG,2021-04-21 14:54:51,-6.6024,147.8681,84.0,76,100,5.59
komsomolskiy,UZ,2021-04-21 14:54:51,40.4272,71.7189,64.4,42,75,16.11
alindao,CF,2021-04-21 14:54:51,5.0267,21.2088,75.33,81,100,7.61
kasongo,CD,2021-04-21 14:54:51,-4.45,26.6667,68.95,98,100,3.09
sovetskiy,RU,2021-04-21 14:54:51,61.3614,63.5842,48.2,52,9,2.37
berdigestyakh,RU,2021-04-21 14:54:51,62.0989,126.6992,26.62,62,99,3.65
isla mujeres,MX,2021-04-21 14:54:52,21.2311,-86.731,80.6,89,75,8.05
korgen,NO,2021-04-21 14:54:52,66.0771,13.8153,42.01,81,75,8.05
yangambi,CD,2021-04-21 14:54:52,0.8102,24.4336,77.72,73,100,0.94
rancho palos verdes,US,2021-04-21 14:54:52,33.7445,-118.387,60.01,83,47,3.0
lahat,ID,2021-04-21 14:54:19,-3.8,103.5333,89.53,57,61,3.38
asosa,ET,2021-04-21 14:54:52,10.0667,34.5333,81.64,28,100,5.48
sampit,ID,2021-04-21 14:54:53,-2.5333,112.95,87.48,57,93,4.47
bilibino,RU,2021-04-21 14:54:53,68.0546,166.4372,26.6,84,3,3.18
loiza,PR,2021-04-21 14:54:53,18.4313,-65.8802,77.0,83,20,8.05
salamiyah,SY,2021-04-21 14:54:53,35.0113,37.0532,72.54,25,10,13.09
mehamn,NO,2021-04-21 14:54:53,71.0357,27.8492,42.8,56,0,25.32
jalu,LY,2021-04-21 14:54:53,29.0331,21.5482,66.45,37,6,12.21
kargasok,RU,2021-04-21 14:54:53,59.0556,80.8572,29.3,70,100,11.3
son la,VN,2021-04-21 14:51:44,21.3167,103.9,93.7,26,0,5.08
ossora,RU,2021-04-21 14:54:54,59.2353,163.0719,32.36,95,99,5.64
xining,CN,2021-04-21 14:54:54,36.6167,101.7667,67.73,10,2,16.06
bireun,ID,2021-04-21 14:54:54,5.203,96.7009,84.52,72,100,6.26
ayagoz,KZ,2021-04-21 14:54:55,47.9714,80.4392,36.73,19,100,23.8
goma,CD,2021-04-21 14:54:55,-1.6792,29.2228,68.0,77,75,6.91
trogir,HR,2021-04-21 14:54:55,43.5125,16.2517,55.99,71,0,4.61
snezhnogorsk,RU,2021-04-21 14:54:55,69.1933,33.2531,46.4,34,0,11.18
hay river,CA,2021-04-21 14:54:55,60.8156,-115.7999,33.8,80,100,3.44
kathmandu,NP,2021-04-21 14:50:15,27.7167,85.3167,69.8,49,75,10.36
san quintin,MX,2021-04-21 14:54:55,30.4833,-115.95,55.9,84,99,8.72
north myrtle beach,US,2021-04-21 14:54:55,33.816,-78.68,62.6,94,1,7.14
padang,ID,2021-04-21 14:54:56,-0.9492,100.3543,87.8,66,20,6.91
saint george,US,2021-04-21 14:54:56,37.1041,-113.5841,69.01,14,1,9.22
lovozero,RU,2021-04-21 14:54:56,68.005,35.0117,34.61,97,95,7.67
hondo,JP,2021-04-21 14:54:56,32.45,130.2,78.8,25,0,3.44
aanekoski,FI,2021-04-21 14:54:56,62.6946,25.818,48.0,48,0,3.44
linxia,CN,2021-04-21 14:54:56,35.6003,103.2064,69.39,28,3,4.56
oskarshamn,SE,2021-04-21 14:54:57,57.2645,16.4484,46.99,76,100,1.01
uthal,PK,2021-04-21 14:54:57,25.8072,66.6219,94.77,21,0,4.03
glasgow,GB,2021-04-21 14:54:34,55.8652,-4.2576,43.0,65,75,9.22
kattivakkam,IN,2021-04-21 14:54:57,13.2167,80.3167,95.0,46,20,6.91
scarborough,GB,2021-04-21 14:54:57,54.2797,-0.4044,46.0,75,95,3.0
lannion,FR,2021-04-21 14:54:58,48.75,-3.4167,46.4,87,0,2.3
sakakah,SA,2021-04-21 14:54:58,29.9697,40.2064,82.4,23,0,12.66
novyy yarychiv,UA,2021-04-21 14:54:58,49.9044,24.3052,48.2,76,0,6.71
hajduszoboszlo,HU,2021-04-21 14:54:59,47.45,21.4,46.4,100,75,6.91
korla,CN,2021-04-21 14:54:59,41.7597,86.1469,75.83,17,100,17.31
hasaki,JP,2021-04-21 14:54:52,35.7333,140.8333,72.0,42,0,11.5
oranjestad,AW,2021-04-21 14:54:59,12.524,-70.027,80.01,73,20,21.85
la paz,BO,2021-04-21 14:50:10,-16.5,-68.15,32.0,86,20,3.44
mega,ET,2021-04-21 14:55:00,4.05,38.3,70.47,59,82,14.2
caernarfon,GB,2021-04-21 14:55:00,53.1413,-4.2702,50.0,87,62,4.61
pierre,US,2021-04-21 14:55:00,44.3683,-100.351,30.0,79,20,9.22
juneau,US,2021-04-21 14:55:00,58.3019,-134.4197,44.6,81,75,6.91
lapua,FI,2021-04-21 14:55:00,62.9693,23.0088,50.0,46,2,3.0
matamoros,MX,2021-04-21 14:55:00,25.5333,-103.25,66.0,30,6,11.81
fairbanks,US,2021-04-21 14:55:01,64.8378,-147.7164,39.2,30,1,4.61
mizan teferi,ET,2021-04-21 14:55:01,6.9833,35.5833,77.07,51,91,0.69
mayo,US,2021-04-21 14:55:01,38.8876,-76.5119,60.01,82,1,9.22
sinnamary,GF,2021-04-21 14:55:01,5.3833,-52.95,76.39,86,100,6.4
santa cruz,BO,2021-04-21 14:55:01,-17.8,-63.1667,71.6,100,75,2.3
balkanabat,TM,2021-04-21 14:55:02,39.5108,54.3671,81.91,25,54,21.16
custoias,PT,2021-04-21 14:55:02,41.1053,-7.321,50.0,91,100,1.43
ryotsu,JP,2021-04-21 14:50:48,38.0833,138.4333,57.2,58,0,10.36
seoul,KR,2021-04-21 14:54:36,37.5683,126.9778,82.4,22,100,3.44
the valley,AI,2021-04-21 14:55:02,18.217,-63.0578,79.0,69,20,11.5
grindavik,IS,2021-04-21 14:55:03,63.8424,-22.4338,37.4,93,90,6.91
valkeala,FI,2021-04-21 14:55:03,60.9401,26.7979,48.99,45,0,2.3
lukovetskiy,RU,2021-04-21 14:55:03,64.2956,41.9211,51.8,22,0,8.95
nisia floresta,BR,2021-04-21 14:55:03,-6.0911,-35.2086,77.0,88,0,1.14
neryungri,RU,2021-04-21 14:55:03,56.6709,124.6491,30.99,91,100,6.02
onega,RU,2021-04-21 14:55:03,63.9061,38.1404,43.99,51,100,10.47
marsa matruh,EG,2021-04-21 14:55:03,31.3525,27.2453,62.6,67,40,11.5
san angelo,US,2021-04-21 14:55:03,31.4638,-100.437,44.6,57,1,9.22
tignere,CM,2021-04-21 14:55:04,7.3667,12.65,77.2,55,91,2.89
morki,RU,2021-04-21 14:55:04,56.4303,48.9947,40.14,52,100,17.13
tezu,IN,2021-04-21 14:52:16,27.9167,96.1667,95.56,17,0,4.76
susanville,US,2021-04-21 14:55:04,40.4163,-120.653,53.6,28,1,6.93
davila,PH,2021-04-21 14:55:04,18.4726,120.5763,84.2,74,75,23.02
harsin,IR,2021-04-21 14:55:04,34.2721,47.5861,75.2,23,100,1.9
codrington,AU,2021-04-21 14:55:04,-38.2667,141.9667,53.92,61,100,14.58
dhamnod,IN,2021-04-21 14:55:04,22.2167,75.4667,89.6,18,40,8.05
taksimo,RU,2021-04-21 14:55:05,56.3444,114.8794,33.67,57,100,5.12
spirit river,CA,2021-04-21 14:55:05,55.7833,-118.8361,50.0,49,70,4.61
shenkursk,RU,2021-04-21 14:55:05,62.1091,42.896,46.65,42,100,12.5
verkhnetulomskiy,RU,2021-04-21 14:55:05,68.6073,31.7962,46.4,34,0,11.18
klaksvik,FO,2021-04-21 14:55:05,62.2266,-6.589,39.2,70,75,8.05
nalchiti,BD,2021-04-21 14:55:05,22.6333,90.2833,102.45,25,0,12.35
pizhanka,RU,2021-04-21 14:55:05,57.4604,48.542,43.03,48,100,21.27
ponta delgada,PT,2021-04-21 14:55:05,37.7333,-25.6667,60.8,94,75,12.66
zakupne,UA,2021-04-21 14:55:06,49.1194,26.3376,49.12,70,96,6.71
rincon,US,2021-04-21 14:55:06,32.296,-81.2354,60.8,94,1,3.44
cayenne,GF,2021-04-21 14:55:06,4.9333,-52.3333,78.01,100,0,6.26
kieta,PG,2021-04-21 14:55:06,-6.2167,155.6333,82.72,76,89,1.43
ulaanbaatar,MN,2021-04-21 14:52:59,47.9077,106.8832,69.8,11,0,11.18
ekhabi,RU,2021-04-21 14:55:06,53.5102,142.9671,33.08,88,54,8.9
touros,BR,2021-04-21 14:55:06,-5.1989,-35.4608,75.2,94,0,2.3
raga,SS,2021-04-21 14:55:07,8.4596,25.678,86.09,44,100,8.01
oltina,RO,2021-04-21 14:55:07,44.1667,27.6667,53.01,63,100,5.99
bukene,TZ,2021-04-21 14:55:07,-4.2333,32.8833,70.03,72,100,8.46
pafos,CY,2021-04-21 14:50:44,34.7667,32.4167,66.2,63,20,13.8
skegness,GB,2021-04-21 14:55:07,53.1436,0.3363,46.99,87,75,12.66
puerto baquerizo moreno,EC,2021-04-21 14:55:07,-0.9,-89.6,75.51,91,100,5.1
el alto,PE,2021-04-21 14:55:07,-4.2714,-81.2147,71.47,68,95,14.74
helong,CN,2021-04-21 14:55:08,42.5397,128.9972,74.79,24,50,5.19
pincher creek,CA,2021-04-21 14:55:08,49.4833,-113.952,30.99,80,1,5.75
daokou,CN,2021-04-21 14:55:08,35.5639,114.5058,50.65,87,100,10.4
porto santo,PT,2021-04-21 14:55:08,33.072,-16.3415,60.8,88,40,8.05
thunder bay,CA,2021-04-21 14:55:08,48.4001,-89.3168,24.8,80,75,4.61
bonfim,BR,2021-04-21 14:55:08,3.0833,-59.95,75.96,72,97,7.9
champawat,IN,2021-04-21 14:55:08,29.3333,80.1,77.7,22,53,5.95
makakilo city,US,2021-04-21 14:55:09,21.3469,-158.0858,78.01,69,90,6.29
yazd,IR,2021-04-21 14:55:09,31.8972,54.3675,82.4,17,0,4.61
cascais,PT,2021-04-21 14:55:09,38.6979,-9.4215,59.0,84,100,5.01
moen,NO,2021-04-21 14:55:09,69.1304,18.6123,41.0,81,75,9.22
talnakh,RU,2021-04-21 14:55:09,69.4865,88.3972,10.87,80,100,3.27
ust-nera,RU,2021-04-21 14:55:10,64.5667,143.2,35.62,91,100,4.36
santa isabel do rio negro,BR,2021-04-21 14:55:10,-0.4139,-65.0192,71.69,98,100,1.12
champerico,GT,2021-04-21 14:55:11,14.3,-91.9167,70.0,95,78,7.11
nalut,LY,2021-04-21 14:55:11,30.3333,10.85,69.4,28,38,20.85
belaya gora,RU,2021-04-21 14:55:11,68.5333,146.4167,29.91,88,100,4.72
pemberton,CA,2021-04-21 14:55:11,50.3164,-122.8027,50.0,66,52,1.14
iqaluit,CA,2021-04-21 14:55:11,63.7506,-68.5145,23.0,86,90,27.63
san,ML,2021-04-21 14:55:11,13.3034,-4.8956,91.09,12,100,3.62
mahon,ES,2021-04-21 14:54:23,39.8885,4.2658,55.4,88,20,9.22
san pedro buenavista,MX,2021-04-21 14:55:11,16.0833,-93.1167,73.89,65,100,1.54
sioux lookout,CA,2021-04-21 14:55:11,50.1001,-91.917,24.8,54,75,4.61
bushenyi,UG,2021-04-21 14:55:12,-0.5853,30.2114,68.99,70,100,4.83
dingle,PH,2021-04-21 14:55:12,10.9995,122.6711,90.52,51,100,13.94
komsomolets,KZ,2021-04-21 14:55:12,53.7453,62.0708,50.92,36,0,7.23
sorland,NO,2021-04-21 14:55:12,67.667,12.6934,37.4,65,75,35.79
dillon,US,2021-04-21 14:55:12,34.4166,-79.3712,54.0,100,1,4.61
boden,SE,2021-04-21 14:55:12,65.8252,21.6886,39.2,75,0,8.05
tongchuan,CN,2021-04-21 14:55:12,35.0806,109.0897,57.87,81,100,4.18
lampazos de naranjo,MX,2021-04-21 14:55:13,27.0167,-100.5167,69.01,56,77,3.4
saint-georges,GD,2021-04-21 14:55:13,12.0564,-61.7485,78.8,73,20,14.97
wenling,CN,2021-04-21 14:55:14,28.3669,121.36,68.14,72,65,7.36
weligama,LK,2021-04-21 14:54:48,5.9667,80.4167,84.94,67,100,10.16
mecca,SA,2021-04-21 14:54:15,21.4267,39.8261,96.15,20,0,9.19
puerto escondido,MX,2021-04-21 14:55:14,15.85,-97.0667,78.57,64,100,4.81
ostrovnoy,RU,2021-04-21 14:55:14,68.0531,39.5131,37.96,81,4,16.33
wanning,CN,2021-04-21 14:55:14,18.8003,110.3967,83.14,65,35,8.68
kahului,US,2021-04-21 14:52:01,20.8947,-156.47,75.2,88,20,5.75
awjilah,LY,2021-04-21 14:55:15,29.1081,21.2869,66.33,38,1,12.21
guerrero negro,MX,2021-04-21 14:55:15,27.9769,-114.0611,58.14,84,0,11.7
ribeira brava,PT,2021-04-21 14:55:15,32.65,-17.0667,57.0,82,73,3.0
vidim,RU,2021-04-21 14:55:15,56.4088,103.1106,26.29,59,100,11.36
huilong,CN,2021-04-21 14:55:15,31.8111,121.655,73.0,68,8,3.0
barra patuca,HN,2021-04-21 14:55:15,15.8,-84.2833,78.04,86,83,6.82
deputatskiy,RU,2021-04-21 14:55:16,69.3,139.9,20.53,85,100,5.35
havre,FR,2021-04-21 14:55:16,49.5833,0.3333,46.4,93,100,3.44
college,US,2021-04-21 14:55:16,64.8569,-147.8028,39.2,35,40,6.91
ajaccio,FR,2021-04-21 14:55:16,42.0,8.9167,50.0,71,0,8.05
la palma,US,2021-04-21 14:55:17,33.8464,-118.0467,59.0,77,90,5.75
pascagoula,US,2021-04-21 14:55:17,30.3658,-88.5561,57.2,94,1,3.44
olafsvik,IS,2021-04-21 14:55:17,64.8945,-23.7142,40.08,87,100,10.51
raxaul,IN,2021-04-21 14:53:04,26.9833,84.85,97.81,14,100,11.52
muros,ES,2021-04-21 14:55:17,42.7762,-9.0603,48.0,96,100,4.72
havoysund,NO,2021-04-21 14:55:17,70.9963,24.6622,44.6,57,0,9.22
sao filipe,CV,2021-04-21 14:55:17,14.8961,-24.4956,71.33,75,99,12.84
marzuq,YE,2021-04-21 14:55:18,14.4,46.4667,85.05,20,48,4.47
nome,US,2021-04-21 14:55:18,64.5011,-165.4064,33.8,64,1,6.91
atasu,KZ,2021-04-21 14:55:18,48.6814,71.6433,40.73,19,0,15.39
hoquiam,US,2021-04-21 14:51:56,46.9809,-123.8893,48.99,100,90,5.75
buraydah,SA,2021-04-21 14:55:19,26.326,43.975,84.2,34,0,3.44
moussoro,TD,2021-04-21 14:55:19,13.6408,16.4901,88.83,7,38,15.77
ahuimanu,US,2021-04-21 14:55:19,21.4447,-157.8378,78.01,83,75,4.81
monrovia,LR,2021-04-21 14:55:20,6.3005,-10.7969,77.0,94,75,4.61
slonim,BY,2021-04-21 14:55:20,53.0867,25.3219,50.45,72,74,5.73
shingu,JP,2021-04-21 14:55:01,33.7333,135.9833,71.6,30,20,14.97
veselynove,UA,2021-04-21 14:55:20,47.3567,31.2349,53.6,66,0,6.71
chumikan,RU,2021-04-21 14:55:20,54.7183,135.315,41.02,64,97,2.91
mongo,TD,2021-04-21 14:55:20,12.1844,18.693,93.58,11,100,4.23
pavlovskiy,RU,2021-04-21 14:55:20,57.8424,54.8436,50.02,33,68,7.78
lazaro cardenas,MX,2021-04-21 14:55:20,17.9583,-102.2,69.82,70,2,3.74
cockburn town,TC,2021-04-21 14:55:21,21.4612,-71.1419,77.83,79,17,21.21
lishu,CN,2021-04-21 14:55:21,43.3047,124.3278,79.68,13,37,20.18
castrillon,ES,2021-04-21 14:55:21,43.3979,-6.7922,51.8,87,75,2.3
constitucion,CL,2021-04-21 14:55:21,-35.3333,-72.4167,57.9,83,97,14.65
lotoshino,RU,2021-04-21 14:55:21,56.2267,35.6414,35.56,99,100,5.99
clarksville,US,2021-04-21 14:50:22,36.5298,-87.3595,35.01,93,90,10.36
biga,TR,2021-04-21 14:55:21,40.2281,27.2422,53.6,87,20,4.61
beringovskiy,RU,2021-04-21 14:55:21,63.05,179.3167,20.46,91,49,0.98
culiacan,MX,2021-04-21 14:55:22,24.7994,-107.3897,61.0,80,66,1.68
don sak,TH,2021-04-21 14:55:22,9.3168,99.6918,98.01,66,75,8.05
kagadi,UG,2021-04-21 14:55:22,0.9606,30.7967,73.31,63,100,4.05
mayya,RU,2021-04-21 14:55:22,61.7333,130.2811,28.4,40,0,4.47
nizhnevartovsk,RU,2021-04-21 14:55:23,60.9344,76.5531,26.6,59,40,8.95
tateyama,JP,2021-04-21 14:55:23,34.9833,139.8667,73.0,60,0,5.75
yumen,CN,2021-04-21 14:55:23,40.2833,97.2,74.34,7,100,4.07
trapani,IT,2021-04-21 14:55:23,37.8333,12.6667,64.99,82,0,3.44
ornskoldsvik,SE,2021-04-21 14:55:23,63.2909,18.7153,39.2,87,75,4.61
binzhou,CN,2021-04-21 14:55:23,37.3667,118.0167,56.46,51,100,9.95
bijie,CN,2021-04-21 14:55:23,27.3125,105.2942,71.26,52,46,2.57
bichena,ET,2021-04-21 14:55:23,10.45,38.2,68.18,33,100,5.64
dormidontovka,RU,2021-04-21 14:55:24,47.7702,134.9076,64.2,18,6,8.68
la ronge,CA,2021-04-21 14:55:24,55.1001,-105.2842,37.4,44,95,4.61
kadyy,RU,2021-04-21 14:55:24,57.787,43.1903,36.14,91,100,15.95
shache,CN,2021-04-21 14:55:24,38.4167,77.2406,74.35,13,97,1.5
susangerd,IR,2021-04-21 14:55:24,31.5608,48.1831,95.0,26,0,4.61
bintulu,MY,2021-04-21 14:55:24,3.1667,113.0333,93.2,49,20,8.05
abhar,IR,2021-04-21 14:55:24,36.1468,49.218,78.13,15,5,6.58
buarcos,PT,2021-04-21 14:55:24,40.166,-8.8768,57.0,94,75,1.14
manaure,CO,2021-04-21 14:55:25,11.7751,-72.4445,78.01,72,44,13.96
new castle,US,2021-04-21 14:55:25,41.0037,-80.347,37.0,75,90,8.05
puerto lempira,HN,2021-04-21 14:55:25,15.2667,-83.7667,78.44,81,100,6.11
sao gabriel da cachoeira,BR,2021-04-21 14:55:25,-0.1303,-67.0892,71.04,99,100,1.79
nayoro,JP,2021-04-21 14:55:25,44.3506,142.4578,48.2,40,75,11.5
nuristan,AF,2021-04-21 14:55:25,35.3,70.8333,36.81,59,57,6.24
qasigiannguit,GL,2021-04-21 14:55:25,68.8193,-51.1922,15.8,48,16,4.61
jiexiu,CN,2021-04-21 14:55:25,37.0244,111.9125,53.98,73,100,7.99
markova,UA,2021-04-21 14:55:26,48.6758,24.4138,50.0,71,0,2.24
shelburne,CA,2021-04-21 14:55:26,44.0787,-80.2041,30.99,82,100,8.25
amga,RU,2021-04-21 14:55:26,60.8953,131.9608,31.51,65,100,0.81
kayerkan,RU,2021-04-21 14:55:26,69.3497,87.7602,10.31,80,100,5.14
payo,ID,2021-04-21 14:55:26,-3.7508,103.6372,91.15,51,61,2.8
eyl,SO,2021-04-21 14:55:26,7.9803,49.8164,86.49,61,38,8.48
gijon,ES,2021-04-21 14:55:26,43.5357,-5.6615,55.0,87,57,1.99
mersing,MY,2021-04-21 14:55:27,2.4312,103.8405,87.8,79,40,5.75
hofn,IS,2021-04-21 14:55:27,64.2539,-15.2082,39.18,49,100,3.62
bonavista,CA,2021-04-21 14:55:27,48.6499,-53.1147,35.01,100,100,8.05
fountain hills,US,2021-04-21 14:55:27,33.6117,-111.7174,73.0,17,1,4.61
terrace bay,CA,2021-04-21 14:55:27,48.7834,-87.1,10.4,92,11,4.61
xocali,AZ,2021-04-21 14:55:27,39.913,46.7903,81.03,33,100,3.71
haines junction,CA,2021-04-21 14:55:27,60.7522,-137.5108,41.0,60,100,11.5
merritt island,US,2021-04-21 14:55:28,28.5392,-80.672,72.0,94,75,3.44
atar,MR,2021-04-21 14:55:28,20.5169,-13.0499,73.27,21,5,10.38
kurumkan,RU,2021-04-21 14:55:28,54.3,110.3,38.43,42,100,10.07
dukat,RU,2021-04-21 14:55:28,62.55,155.55,26.8,86,100,8.55
yuzhne,UA,2021-04-21 14:55:28,46.6221,31.1013,55.4,62,0,4.47
najran,SA,2021-04-21 14:55:28,17.4924,44.1277,82.4,14,0,6.91
manuk mangkaw,PH,2021-04-21 14:55:28,4.8,119.85,83.77,69,90,7.99
yamada,JP,2021-04-21 14:55:28,39.4667,141.95,57.2,36,0,10.89
keokuk,US,2021-04-21 14:55:29,40.3973,-91.3849,33.01,74,1,6.91
esso,RU,2021-04-21 14:55:29,55.9333,158.7,32.47,94,100,7.56
shuya,RU,2021-04-21 14:55:29,56.8487,41.3883,42.67,85,100,20.27
atbasar,KZ,2021-04-21 14:55:30,51.8,68.3333,47.07,37,6,14.23
rapar,IN,2021-04-21 14:55:30,23.5667,70.6333,94.53,23,0,12.3
barguzin,RU,2021-04-21 14:55:30,53.6167,109.6167,34.48,64,100,8.08
kibondo,TZ,2021-04-21 14:55:30,-3.5864,30.7203,63.5,89,100,3.11
kangaatsiaq,GL,2021-04-21 14:55:30,68.3065,-53.4641,13.15,83,8,11.39
hemsedal,NO,2021-04-21 14:55:30,60.8629,8.5534,30.99,66,100,4.0
jurado,CO,2021-04-21 14:55:30,7.1053,-77.7641,76.62,90,100,2.91
bandarbeyla,SO,2021-04-21 14:55:31,9.4942,50.8122,85.89,65,66,9.35
vizinga,RU,2021-04-21 14:55:31,61.0749,50.1031,49.73,37,37,10.94
vestmannaeyjar,IS,2021-04-21 14:55:31,63.4427,-20.2734,42.69,71,100,8.57
stornoway,GB,2021-04-21 14:55:31,58.2093,-6.3865,37.0,86,20,5.99
ilebo,CD,2021-04-21 14:55:32,-4.3167,20.5833,75.04,89,99,2.53
padilla,CO,2021-04-21 14:55:32,3.2204,-76.3139,68.0,94,90,4.61
kashi,CN,2021-04-21 14:50:38,39.4547,75.9797,69.8,13,20,6.71
gravdal,NO,2021-04-21 14:55:32,68.1214,13.5031,35.6,80,75,26.46
valparaiso,CL,2021-04-21 14:55:32,-33.0393,-71.6273,59.0,82,5,25.64
ketchikan,US,2021-04-21 14:55:32,55.3422,-131.6461,51.8,66,1,12.66
jacareacanga,BR,2021-04-21 14:55:32,-6.2222,-57.7528,70.88,99,100,1.12
fonte boa,BR,2021-04-21 14:55:32,-2.4959,-66.2662,72.09,99,100,1.99
peterhead,GB,2021-04-21 14:55:33,57.5058,-1.7981,41.0,75,12,11.5
banes,CU,2021-04-21 14:55:33,20.9625,-75.7186,73.4,60,1,5.75
arawa,PG,2021-04-21 14:55:33,-6.2132,155.5367,81.73,84,97,0.87
high level,CA,2021-04-21 14:55:33,58.5169,-117.136,35.6,75,1,5.23
khandyga,RU,2021-04-21 14:55:33,62.6667,135.6,27.82,69,100,3.87
yarada,IN,2021-04-21 14:54:11,17.65,83.2667,93.2,59,40,11.5
lewistown,US,2021-04-21 14:55:33,40.5992,-77.5714,48.99,86,72,5.01
bubaque,GW,2021-04-21 14:55:33,11.2833,-15.8333,78.12,66,93,11.12
kosh-agach,RU,2021-04-21 14:55:34,50.0,88.6667,35.17,37,76,7.9
vodnyy,RU,2021-04-21 14:55:34,63.5046,53.4095,48.58,52,80,6.04
carbondale,US,2021-04-21 14:55:34,37.7273,-89.2168,33.8,93,1,4.61
pozhva,RU,2021-04-21 14:55:34,59.0912,56.0847,44.19,54,0,4.88
pathein,MM,2021-04-21 14:55:24,16.7833,94.7333,98.33,34,2,14.45
hovd,MN,2021-04-21 14:55:34,48.0056,91.6419,39.11,50,80,11.7
hauterive,FR,2021-04-21 14:55:34,46.0901,3.4459,48.2,87,75,4.61
aberdeen,GB,2021-04-21 14:55:34,57.1437,-2.0981,41.0,75,8,11.5
pueblo bello,CO,2021-04-21 14:55:35,8.2041,-76.526,74.41,98,98,2.53
shymkent,KZ,2021-04-21 14:55:35,42.3,69.6,46.4,87,90,6.71
lahaina,US,2021-04-21 14:55:35,20.8783,-156.6825,75.2,75,75,3.56
obzor,BG,2021-04-21 14:55:35,42.8167,27.8833,55.4,82,0,9.22
muyezerskiy,RU,2021-04-21 14:55:35,63.9333,31.65,42.17,63,90,6.58
taicheng,CN,2021-04-21 14:55:35,38.731,113.228,46.54,77,100,6.71
neos marmaras,GR,2021-04-21 14:55:35,40.1,23.7833,55.0,50,19,11.01
ust-ilimsk,RU,2021-04-21 14:55:36,58.0006,102.6619,24.96,50,100,8.37
hastings,GB,2021-04-21 14:55:36,50.8552,0.5729,43.0,93,100,6.91
libas,PH,2021-04-21 14:55:36,9.8833,125.9833,85.78,67,100,10.87
dalmatovo,RU,2021-04-21 14:55:36,56.26,62.9362,51.49,46,2,7.05
nijar,ES,2021-04-21 14:55:36,36.9665,-2.206,59.0,94,0,4.61
nishihara,JP,2021-04-21 14:55:36,26.1842,127.7558,75.2,68,90,20.71
huayang,CN,2021-04-21 14:55:36,34.4155,109.9939,51.03,86,100,3.91
kalmunai,LK,2021-04-21 14:55:36,7.4167,81.8167,88.54,58,59,8.32
nha trang,VN,2021-04-21 14:55:37,12.25,109.1833,86.0,79,40,13.8
dawei,MM,2021-04-21 14:55:37,14.0833,98.2,88.43,61,37,8.84
puerto del rosario,ES,2021-04-21 14:55:37,28.5004,-13.8627,64.4,77,20,9.22
visnes,NO,2021-04-21 14:55:37,59.3556,5.2242,39.2,81,75,36.82
marrakesh,MA,2021-04-21 14:51:21,31.6315,-8.0083,55.4,82,0,3.44
aban,RU,2021-04-21 14:55:37,56.67,96.06,29.3,65,100,8.41
saint-nazaire,FR,2021-04-21 14:55:37,47.2833,-2.2,48.0,87,0,5.75
ternuvate,UA,2021-04-21 14:55:37,47.8305,36.1276,51.8,76,0,6.71
santo antonio do ica,BR,2021-04-21 14:55:38,-3.1022,-67.9397,71.71,99,92,0.72
meulaboh,ID,2021-04-21 14:55:38,4.1363,96.1285,85.48,67,100,7.45
sorong,ID,2021-04-21 14:55:38,-0.8833,131.25,84.85,70,19,6.62
skive,DK,2021-04-21 14:55:38,56.5667,9.0333,45.0,70,40,18.41
polunochnoye,RU,2021-04-21 14:55:38,60.8697,60.4153,52.57,42,9,2.35
linfen,CN,2021-04-21 14:55:38,36.0889,111.5189,58.95,71,100,2.68
ardakan,IR,2021-04-21 14:55:38,32.31,54.0175,82.4,17,0,4.61
nuuk,GL,2021-04-21 14:51:10,64.1835,-51.7216,30.2,93,20,16.11
manavalakurichi,IN,2021-04-21 14:55:38,8.1333,77.3,89.6,66,20,8.05
bela,IN,2021-04-21 14:55:39,25.9333,81.9833,100.35,14,100,7.99
solnechnyy,RU,2021-04-21 14:55:39,50.7214,136.6319,52.32,39,0,2.77
lagos,NG,2021-04-21 14:53:38,6.5833,3.75,78.8,94,20,2.3
shaoyang,CN,2021-04-21 14:55:39,27.2315,111.4525,78.93,71,60,2.04
mithi,PK,2021-04-21 14:55:39,24.7318,69.7981,98.47,19,0,12.44
chapais,CA,2021-04-21 14:55:39,49.7834,-74.8492,15.8,79,90,13.8
arcachon,FR,2021-04-21 14:55:39,44.5875,-1.0519,55.0,93,68,1.14
massaguet,TD,2021-04-21 14:55:39,12.4755,15.4365,84.2,14,98,9.22
road town,VG,2021-04-21 14:55:40,18.4167,-64.6167,78.01,81,10,5.01
tazovskiy,RU,2021-04-21 14:55:40,67.4667,78.7,17.89,88,100,11.97
maarianhamina,AX,2021-04-21 14:55:40,60.0973,19.9348,48.2,40,0,9.22
wamba,NG,2021-04-21 14:55:40,8.9333,8.6,81.68,62,100,3.31
ugoofaaru,MV,2021-04-21 14:55:40,5.6667,73.0,83.7,72,59,6.51
umm kaddadah,SD,2021-04-21 14:55:40,13.6017,26.6876,93.24,7,5,13.51
araouane,ML,2021-04-21 14:55:40,18.9048,-3.5265,79.9,7,3,7.16
timizart,DZ,2021-04-21 14:55:40,36.8,4.2667,62.87,51,100,2.33
steinbach,DE,2021-04-21 14:55:41,50.1667,8.5667,53.01,76,20,2.3
jhargram,IN,2021-04-21 14:53:06,22.45,86.9833,107.38,15,15,7.65
garowe,SO,2021-04-21 14:55:42,8.4054,48.4845,85.1,51,77,8.57
bose,IT,2021-04-21 14:55:42,45.4612,8.0137,51.01,79,100,3.22
van buren,US,2021-04-21 14:55:43,35.4368,-94.3483,37.4,87,1,3.44
preobrazheniye,RU,2021-04-21 14:55:43,42.9019,133.9064,59.18,35,0,10.22
buta,CD,2021-04-21 14:55:43,2.7858,24.73,70.2,98,100,1.34
aku,NG,2021-04-21 14:55:43,6.7081,7.3167,79.21,81,96,5.73
santander,ES,2021-04-21 14:55:43,43.4647,-3.8044,57.2,94,75,1.14
baruun-urt,MN,2021-04-21 14:55:43,46.6806,113.2792,75.47,9,100,20.47
raboso,MX,2021-04-21 14:55:43,18.5667,-98.45,70.09,29,76,3.33
tobermory,CA,2021-04-21 14:55:43,45.2501,-81.6665,32.0,64,99,14.97
lerwick,GB,2021-04-21 14:52:59,60.1545,-1.1494,41.0,56,20,14.97
savinskiy,RU,2021-04-21 14:55:44,62.9342,40.1361,44.17,52,100,10.31
dhadar,IN,2021-04-21 14:55:44,28.3305,75.0632,84.25,30,35,13.27
vila franca do campo,PT,2021-04-21 14:55:44,37.7167,-25.4333,60.8,94,75,12.66
ndele,CF,2021-04-21 14:55:44,8.4109,20.6473,82.78,56,100,10.27
inongo,CD,2021-04-21 14:55:44,-1.95,18.2667,74.59,90,96,6.11
lokosovo,RU,2021-04-21 14:55:44,61.1333,74.8167,28.63,64,25,4.56
takhtamygda,RU,2021-04-21 14:55:44,54.1,123.5667,51.15,52,91,5.41
opava,CZ,2021-04-21 14:55:44,49.9387,17.9026,52.0,76,95,8.72
ayorou,NE,2021-04-21 14:55:45,14.7308,0.9174,87.96,7,98,6.17
betera,ES,2021-04-21 14:55:45,39.5833,-0.45,59.0,94,90,2.01
great falls,US,2021-04-21 14:50:46,47.5002,-111.3008,30.0,74,1,10.36
desa,RO,2021-04-21 14:55:45,43.8667,23.0333,52.0,69,37,12.86
kapit,MY,2021-04-21 14:55:45,2.0167,112.9333,94.96,40,38,3.47
tabou,CI,2021-04-21 14:55:45,4.423,-7.3528,79.75,85,84,3.53
veraval,IN,2021-04-21 14:55:45,20.9,70.3667,87.12,55,100,13.58
altay,CN,2021-04-21 14:55:45,47.8667,88.1167,41.14,85,100,4.63
staryy nadym,RU,2021-04-21 14:55:46,65.6118,72.6842,26.65,85,83,13.15
marsaxlokk,MT,2021-04-21 14:55:46,35.8419,14.5431,62.6,82,40,12.66
shetpe,KZ,2021-04-21 14:55:46,44.1667,52.1167,66.88,35,100,31.34
changping,CN,2021-04-21 14:55:46,40.2186,116.2197,71.6,37,0,13.42
wagar,SD,2021-04-21 14:55:47,16.1525,36.2032,96.85,22,1,13.27
jimma,ET,2021-04-21 14:55:47,7.6667,36.8333,75.65,37,98,2.37
cabedelo,BR,2021-04-21 14:55:47,-6.9811,-34.8339,75.2,100,20,3.44
siruguppa,IN,2021-04-21 14:51:03,15.6333,76.9,99.82,22,22,8.63
gergebil,RU,2021-04-21 14:55:47,42.5047,47.0661,71.6,56,100,20.13
campobasso,IT,2021-04-21 14:55:48,41.6333,14.5833,57.0,55,35,1.99
puksoozero,RU,2021-04-21 14:55:48,62.5903,40.6066,43.47,50,100,10.45
khasan,RU,2021-04-21 14:55:48,42.4308,130.6434,53.96,49,0,8.77
rio grande,BR,2021-04-21 14:55:48,-32.035,-52.0986,68.0,86,67,1.01
birao,CF,2021-04-21 14:55:48,10.2849,22.7882,87.58,42,100,11.45
okhotsk,RU,2021-04-21 14:55:49,59.3833,143.3,31.96,98,97,5.32
sisimiut,GL,2021-04-21 14:51:12,66.9395,-53.6735,19.56,74,11,9.4
mogadishu,SO,2021-04-21 14:55:49,2.0371,45.3438,87.8,62,40,8.05
el doncello,CO,2021-04-21 14:55:49,1.6782,-75.2847,69.06,91,89,3.83
skerries,IE,2021-04-21 14:55:49,53.5828,-6.1083,46.0,93,75,5.75
matadi,CD,2021-04-21 14:55:49,-5.8167,13.45,79.25,85,71,1.5
darhan,MN,2021-04-21 14:55:50,49.4867,105.9228,47.25,33,22,19.8
jumla,NP,2021-04-21 14:55:51,29.2747,82.1838,51.51,94,100,3.18
matay,EG,2021-04-21 14:55:51,28.419,30.7792,73.2,32,75,24.67
camabatela,AO,2021-04-21 14:55:51,-8.1881,15.375,68.9,81,100,5.14
marawi,PH,2021-04-21 14:55:51,7.9986,124.2928,82.0,83,100,5.01
grenada,ES,2021-04-21 14:55:51,37.1882,-3.6067,50.0,76,20,4.61
santa maria,BR,2021-04-21 14:55:51,-29.6842,-53.8069,57.42,96,2,7.38
svetlogorsk,BY,2021-04-21 14:55:51,52.6333,29.7333,43.84,75,100,4.61
jiaocheng,CN,2021-04-21 14:55:51,24.6774,116.1389,89.56,44,58,3.2
phan thiet,VN,2021-04-21 14:55:30,10.9333,108.1,87.42,66,63,10.2
rivers,CA,2021-04-21 14:55:52,50.0308,-100.2403,21.2,86,40,2.3
siguiri,GN,2021-04-21 14:55:53,11.6667,-9.5,83.77,53,100,8.84
funtua,NG,2021-04-21 14:55:53,11.5233,7.3081,80.49,58,75,14.79
nautla,MX,2021-04-21 14:55:53,20.2167,-96.7833,72.93,90,100,4.72
port huron,US,2021-04-21 14:55:53,42.9709,-82.4249,32.0,86,90,10.36
longview,US,2021-04-21 14:54:54,32.5007,-94.7405,42.8,61,1,9.22
barmer,IN,2021-04-21 14:55:53,25.75,71.3833,90.28,23,0,2.62
kalaleh,IR,2021-04-21 14:55:53,37.3807,55.4916,87.8,42,0,4.52
laredo,US,2021-04-21 14:55:53,27.5064,-99.5075,69.8,60,1,12.66
lata,PT,2021-04-21 14:55:54,40.1629,-8.3327,57.0,93,100,1.01
marapanim,BR,2021-04-21 14:55:54,-0.7175,-47.6997,73.99,95,100,0.72
marigot,MF,2021-04-21 14:55:54,18.0667,-63.0833,79.0,69,20,11.5
malanville,BJ,2021-04-21 14:55:54,11.8685,3.3899,87.67,48,97,11.48
lazarev,RU,2021-04-21 14:55:54,52.225,141.5131,32.77,91,33,5.84
zelhem,NL,2021-04-21 14:55:55,52.0067,6.3486,50.0,75,100,1.99
kutum,SD,2021-04-21 14:55:55,14.2,24.6667,86.47,8,0,14.03
revelstoke,CA,2021-04-21 14:55:55,50.9832,-118.2023,41.0,65,1,2.62
vanavara,RU,2021-04-21 14:55:55,60.34,102.2797,25.66,62,100,5.14
porto velho,BR,2021-04-21 14:55:55,-8.7619,-63.9039,77.0,94,20,2.3
zaozerne,UA,2021-04-21 14:55:56,45.1582,33.2787,51.01,77,94,12.59
pitimbu,BR,2021-04-21 14:55:56,-7.4706,-34.8086,75.2,100,20,3.44
tulsipur,NP,2021-04-21 14:55:56,28.131,82.2973,87.46,24,100,3.58
cocobeach,GA,2021-04-21 14:55:56,1.0002,9.5823,78.8,100,40,2.3
barcelos,PT,2021-04-21 14:55:56,41.5388,-8.6151,53.6,100,40,6.91
mikhaylovsk,RU,2021-04-21 14:55:56,45.1283,42.0256,48.2,87,75,8.95
itarema,BR,2021-04-21 14:55:56,-2.9248,-39.9167,74.82,88,100,3.13
inirida,CO,2021-04-21 14:55:56,3.8653,-67.9239,73.18,91,100,1.61
bekovo,RU,2021-04-21 14:55:57,52.4663,43.712,48.22,89,100,18.86
teya,RU,2021-04-21 14:55:57,60.3778,92.6267,30.74,86,100,4.29
samandag,TR,2021-04-21 14:55:57,36.0842,35.9771,68.0,64,40,20.71
alexander city,US,2021-04-21 14:55:57,32.944,-85.9539,51.01,93,1,5.35
qui nhon,VN,2021-04-21 14:55:57,13.7667,109.2333,83.5,74,99,10.07
impfondo,CG,2021-04-21 14:55:57,1.6381,18.0667,72.5,97,100,2.51
odweyne,SO,2021-04-21 14:55:57,9.4092,45.064,81.41,46,96,11.39
guiglo,CI,2021-04-21 14:55:58,6.5456,-7.4966,73.92,98,100,1.61
zilair,RU,2021-04-21 14:55:58,52.2332,57.4392,45.5,31,85,9.04
naze,JP,2021-04-21 14:51:01,28.3667,129.4833,73.4,60,20,17.27
manono,CD,2021-04-21 14:55:58,-7.3,27.4167,75.45,76,100,8.3
da nang,VN,2021-04-21 14:52:59,16.0678,108.2208,87.8,70,20,12.66
mount pleasant,US,2021-04-21 14:55:58,32.7941,-79.8626,63.0,100,20,7.83
saint anthony,US,2021-04-21 14:55:58,45.0205,-93.218,30.99,64,75,5.75
qarayeri,AZ,2021-04-21 14:55:58,40.7886,46.3066,73.4,49,75,9.22
dhule,IN,2021-04-21 14:55:58,20.9,74.7833,97.0,24,100,14.29
navrongo,GH,2021-04-21 14:52:05,10.8956,-1.0921,84.63,58,100,9.46
brae,GB,2021-04-21 14:55:59,60.3964,-1.353,41.0,56,20,14.97
manokwari,ID,2021-04-21 14:51:19,-0.8667,134.0833,82.47,74,94,5.59
casper,US,2021-04-21 14:55:59,42.8666,-106.3131,24.8,80,40,2.66
constantine,DZ,2021-04-21 14:55:59,36.365,6.6147,53.6,71,75,5.75
les cayes,HT,2021-04-21 14:55:59,18.2,-73.75,74.88,85,100,4.94
nioro,GM,2021-04-21 14:55:59,13.35,-15.75,73.45,43,67,6.31
marsh harbour,BS,2021-04-21 14:55:59,26.5412,-77.0636,77.0,83,100,13.62
porbandar,IN,2021-04-21 14:56:00,21.6422,69.6093,88.12,50,0,12.62
george town,MY,2021-04-21 14:56:00,5.4112,100.3354,89.6,74,20,5.75
sayyan,YE,2021-04-21 14:56:00,15.1718,44.3244,67.95,20,8,10.36
yining,CN,2021-04-21 14:56:00,29.0361,114.5636,80.98,65,55,2.84
balabac,PH,2021-04-21 14:56:00,7.9868,117.0645,84.88,65,100,13.22
alibag,IN,2021-04-21 14:56:00,18.6411,72.8792,89.6,62,20,9.22
dwarka,IN,2021-04-21 14:56:00,22.2394,68.9678,84.94,60,0,12.5
pucallpa,PE,2021-04-21 14:56:00,-8.3791,-74.5539,73.36,96,100,1.66
llanes,ES,2021-04-21 14:56:01,43.4198,-4.7549,53.01,99,30,2.95
sept-iles,CA,2021-04-21 14:56:01,50.2001,-66.3821,37.4,100,90,5.75
bongandanga,CD,2021-04-21 14:56:01,1.5,21.05,73.78,84,100,2.91
nagato,JP,2021-04-21 14:56:01,34.3833,131.2,71.6,46,0,3.44
shaghat,AM,2021-04-21 14:56:01,39.5625,45.9143,75.2,41,75,4.61
sibolga,ID,2021-04-21 14:56:01,1.7427,98.7792,86.07,64,100,6.78
oktyabrskoye,RU,2021-04-21 14:56:01,43.0645,44.7417,60.8,59,75,15.66
sibi,PK,2021-04-21 14:56:01,29.5448,67.8764,86.86,27,0,9.22
novikovo,RU,2021-04-21 14:56:02,51.1537,37.8879,44.51,81,100,9.78
todos santos,MX,2021-04-21 14:56:02,23.45,-110.2167,66.99,62,26,1.66
geilo,NO,2021-04-21 14:56:02,60.5333,8.2076,30.99,9,100,27.0
wunsiedel,DE,2021-04-21 14:56:02,50.0333,12.0167,50.0,82,3,1.99
sobolevo,RU,2021-04-21 14:56:02,54.4299,31.8996,44.19,66,48,7.43
superior,US,2021-04-21 14:56:02,46.7208,-92.1041,30.99,80,90,5.75
ambon,ID,2021-04-21 14:56:02,-3.6954,128.1814,87.8,66,40,4.61
brewster,US,2021-04-21 14:56:02,41.3973,-73.6171,46.99,76,1,1.72
garden city,US,2021-04-21 14:56:03,42.3256,-83.331,34.0,93,90,6.91
paka,MY,2021-04-21 14:56:03,4.6374,103.4368,87.8,74,40,6.91
tessalit,ML,2021-04-21 14:56:03,20.1986,1.0114,79.32,8,0,5.17
takahata,JP,2021-04-21 14:55:16,38.0025,140.1911,66.99,23,20,16.11
chupa,RU,2021-04-21 14:56:03,66.27,33.0549,43.38,63,86,7.94
dzerzhinsk,RU,2021-04-21 14:56:03,56.2389,43.4631,41.0,81,90,15.66
boende,CD,2021-04-21 14:56:03,-0.2167,20.8667,72.41,93,100,3.67
umm lajj,SA,2021-04-21 14:56:03,25.0213,37.2685,83.73,53,24,7.43
mayumba,GA,2021-04-21 14:56:04,-3.432,10.6554,78.53,87,91,5.06
thap than,TH,2021-04-21 14:56:04,15.4606,99.8917,99.0,53,70,3.85
totness,SR,2021-04-21 14:56:04,5.8833,-56.3167,74.66,91,48,6.6
omsukchan,RU,2021-04-21 14:56:04,62.5333,155.8,28.69,89,100,9.04
idah,NG,2021-04-21 14:56:04,7.1065,6.7342,81.41,80,100,5.48
arvika,SE,2021-04-21 14:56:05,59.6553,12.5852,44.6,87,0,11.5
saint-pierre,RE,2021-04-21 14:55:19,-21.3393,55.4781,78.8,78,75,11.5
pruhonice,CZ,2021-04-21 14:56:05,49.9996,14.5502,51.01,87,0,5.75
seltso,RU,2021-04-21 14:56:05,53.3675,34.1,41.0,75,75,6.71
keningau,MY,2021-04-21 14:56:05,5.3378,116.1602,89.6,70,20,9.22
stranraer,GB,2021-04-21 14:56:05,54.9023,-5.0273,46.0,85,98,1.99
shizuishan,CN,2021-04-21 14:56:06,39.2333,106.7694,69.98,32,100,13.13
liverpool,GB,2021-04-21 14:51:08,53.4106,-2.9779,50.0,76,20,14.97
pakxan,LA,2021-04-21 14:56:06,18.3778,103.6601,100.0,38,36,5.26
monchegorsk,RU,2021-04-21 14:56:07,67.9397,32.8739,36.12,93,100,10.54
lensk,RU,2021-04-21 14:56:07,60.7253,114.9278,28.44,76,100,8.19
debre tabor,ET,2021-04-21 14:56:07,11.85,38.0167,66.52,33,79,2.86
moron,AR,2021-04-21 14:56:07,-34.6534,-58.6198,66.99,88,0,8.01
maracacume,BR,2021-04-21 14:56:07,-2.0428,-45.9592,72.79,97,100,1.5
aksu,CN,2021-04-21 14:56:07,41.1231,80.2644,72.39,21,100,1.99
salinas,US,2021-04-21 14:56:07,36.6777,-121.6555,51.8,87,90,6.91
pocatello,US,2021-04-21 14:56:07,42.8713,-112.4455,35.01,43,1,8.05
prince rupert,CA,2021-04-21 14:56:08,54.3161,-130.3201,46.4,93,90,3.44
mae ramat,TH,2021-04-21 14:56:08,16.984,98.5166,93.2,46,40,5.75
aloleng,PH,2021-04-21 14:56:08,16.1307,119.7824,83.53,74,100,21.03
chingirlau,KZ,2021-04-21 14:56:08,51.095,54.0814,46.96,31,100,20.98
yeniseysk,RU,2021-04-21 14:56:09,58.4497,92.1703,30.6,61,100,6.31
enshi,CN,2021-04-21 14:56:09,30.3,109.4833,64.47,91,100,1.12
molo,KE,2021-04-21 14:56:09,-0.2479,35.7374,65.44,53,97,10.25
ternate,ID,2021-04-21 14:51:13,0.8,127.4,84.72,71,87,7.27
rumford,US,2021-04-21 14:56:09,44.5537,-70.5509,44.01,82,99,1.01
bati,ET,2021-04-21 14:56:10,11.1833,40.0167,80.82,18,43,9.01
dubreka,GN,2021-04-21 14:56:10,9.7911,-13.5233,80.6,69,20,6.91
darnah,LY,2021-04-21 14:56:10,32.767,22.6367,61.02,62,0,8.7
warri,NG,2021-04-21 14:56:10,5.5167,5.75,82.44,79,75,4.21
yarim,YE,2021-04-21 14:56:10,14.298,44.3779,65.48,22,5,4.16
saint-augustin,CA,2021-04-21 14:56:10,51.226,-58.6502,35.64,82,100,1.52
nauta,PE,2021-04-21 14:56:11,-4.5061,-73.5757,69.67,99,61,1.88
along,IN,2021-04-21 14:56:11,28.1667,94.7667,91.09,27,16,2.48
virovitica,HR,2021-04-21 14:56:11,45.8319,17.3839,53.01,81,0,13.8
estevan,CA,2021-04-21 14:56:11,49.1334,-102.9842,26.6,80,1,6.91
yarke pole,UA,2021-04-21 14:56:11,45.608,34.3172,56.79,61,100,14.56
simi,SL,2021-04-21 14:56:11,9.5667,-12.35,78.19,85,34,2.59
parabel,RU,2021-04-21 14:56:12,58.6978,81.4825,29.7,71,100,10.8
bengkulu,ID,2021-04-21 14:56:12,-3.8004,102.2655,83.7,75,100,7.23
alekseyevsk,RU,2021-04-21 14:56:12,57.8406,108.3492,30.27,55,100,4.68
adwa,ET,2021-04-21 14:56:12,14.1646,38.8955,78.26,26,5,17.58
kenai,US,2021-04-21 14:56:12,60.5544,-151.2583,39.2,93,1,5.75
pingliang,CN,2021-04-21 14:51:21,35.5392,106.6861,68.74,42,76,7.87
pidhorodne,UA,2021-04-21 14:56:13,48.5753,35.1068,50.0,76,0,11.18
kapoeta,SS,2021-04-21 14:56:13,4.7717,33.5903,88.57,39,71,9.86
hoshcha,UA,2021-04-21 14:56:13,50.6003,26.6744,46.4,87,0,11.18
ruteng,ID,2021-04-21 14:56:13,-8.6136,120.4721,68.72,72,86,0.34
boda,CF,2021-04-21 14:56:13,4.3189,17.4695,72.45,92,100,6.02
borogontsy,RU,2021-04-21 14:56:13,62.6683,131.1683,27.36,66,100,4.72
cojutepeque,SV,2021-04-21 14:56:13,13.7167,-88.9333,80.6,89,40,1.14
kaltan,RU,2021-04-21 14:56:13,53.5347,87.2457,34.34,46,100,2.55
urumqi,CN,2021-04-21 14:56:14,43.801,87.6005,66.2,32,0,11.18
puerto carreno,CO,2021-04-21 14:56:14,6.189,-67.4859,79.11,59,33,3.96
tayoltita,MX,2021-04-21 14:56:14,24.0833,-105.9333,58.32,55,14,4.76
gazojak,TM,2021-04-21 14:56:15,41.1875,61.4036,60.85,26,0,16.22
jyvaskyla,FI,2021-04-21 14:56:15,62.2415,25.7209,48.0,48,0,3.44
key largo,US,2021-04-21 14:56:15,25.0865,-80.4473,80.01,96,100,14.29
maniitsoq,GL,2021-04-21 14:56:15,65.4167,-52.9,22.41,73,6,9.91
batagay-alyta,RU,2021-04-21 14:56:16,67.8006,130.4114,20.77,65,98,3.13
querendaro,MX,2021-04-21 14:56:16,19.8667,-100.9167,57.2,21,1,2.93
kerman,IR,2021-04-21 14:56:16,30.2832,57.0788,73.4,18,0,4.61
ailigandi,PA,2021-04-21 14:56:16,9.2333,-78.0167,79.12,83,97,7.58
tabory,RU,2021-04-21 14:56:17,58.5198,64.5495,49.57,55,76,3.74
srinagar,IN,2021-04-21 14:56:17,34.0833,74.8167,55.02,72,100,4.09
xudat,AZ,2021-04-21 14:56:17,41.631,48.681,59.63,80,100,12.64
matagami,CA,2021-04-21 14:56:18,49.7502,-77.6328,14.0,85,90,13.8
adrar,MR,2021-04-21 14:56:18,20.5022,-10.0711,73.65,12,6,6.46
manado,ID,2021-04-21 14:54:39,1.487,124.8455,91.4,58,20,6.91
capreol,CA,2021-04-21 14:56:18,46.706,-80.9225,21.0,58,20,11.5
kapuskasing,CA,2021-04-21 14:56:18,49.4169,-82.4331,14.0,85,100,6.91
nyurba,RU,2021-04-21 14:56:18,63.2842,118.3319,25.54,66,100,6.33
aksarka,RU,2021-04-21 14:56:18,66.5606,67.7975,32.47,99,100,9.1
ankang,CN,2021-04-21 14:56:18,32.68,109.0172,71.49,65,78,4.36
shahrud,IR,2021-04-21 14:56:19,36.4182,54.9763,77.54,19,15,6.38
pirovskoye,RU,2021-04-21 14:56:19,57.6267,92.2658,30.02,65,100,5.73
hit,IQ,2021-04-21 14:56:19,33.6416,42.8251,97.0,9,52,7.34
muroto,JP,2021-04-21 14:56:19,33.2833,134.15,69.8,73,20,6.91
aswan,EG,2021-04-21 14:56:19,24.0934,32.907,95.2,18,13,8.99
chifeng,CN,2021-04-21 14:56:19,42.2683,118.9636,74.07,21,100,19.77
leshukonskoye,RU,2021-04-21 14:56:19,64.8989,45.7622,46.92,52,100,8.93
semaria,IN,2021-04-21 14:56:19,24.3073,79.9718,96.8,17,40,12.06
fangshan,CN,2021-04-21 14:56:20,39.6983,115.9925,66.99,53,100,1.99
assare,BR,2021-04-21 14:56:20,-6.8744,-39.875,66.31,95,70,0.25
nushki,PK,2021-04-21 14:56:20,29.5542,66.0215,78.71,13,0,8.63
zabol,AF,2021-04-21 14:56:20,32.25,67.25,67.48,20,100,10.27
kushmurun,KZ,2021-04-21 14:56:20,52.4503,64.6311,50.47,37,0,8.01
matara,LK,2021-04-21 14:56:20,5.9485,80.5353,85.15,68,100,10.47
bogo,PH,2021-04-21 14:56:20,11.0517,124.0055,88.86,58,100,5.28
zlitan,LY,2021-04-21 14:56:20,32.4674,14.5687,64.8,40,5,16.67
magnolia,US,2021-04-21 14:56:21,33.2671,-93.2393,44.6,53,20,12.66
